sh600000,浦发银行,0
sh600004,白云机场,0
sh600005,武钢股份,0
sh600006,东风汽车,0
sh600007,中国国贸,0
sh600008,首创股份,0
sh600009,上海机场,0
sh600010,包钢股份,0
sh600011,华能国际,0
sh600012,皖通高速,0
sh600015,华夏银行,0
sh600016,民生银行,0
sh600017,日照港,0
sh600018,上港集团,0
sh600019,宝钢股份,0
sh600020,中原高速,0
sh600021,上海电力,0
sh600022,山东钢铁,0
sh600023,浙能电力,0
sh600026,中海发展,0
sh600027,华电国际,0
sh600028,中国石化,0
sh600029,南方航空,0
sh600030,中信证券,0
sh600031,三一重工,0
sh600033,福建高速,0
sh600035,楚天高速,0
sh600036,招商银行,0
sh600037,歌华有线,0
sh600038,中直股份,0
sh600039,四川路桥,0
sh600048,保利地产,0
sh600050,中国联通,0
sh600051,宁波联合,0
sh600052,浙江广厦,0
sh600053,中江地产,0
sh600054,黄山旅游,0
sh600055,华润万东,0
sh600056,中国医药,0
sh600057,象屿股份,0
sh600058,五矿发展,0
sh600059,古越龙山,0
sh600060,海信电器,0
sh600061,中纺投资,0
sh600062,华润双鹤,0
sh600063,皖维高新,0
sh600064,南京高科,0
sh600066,宇通客车,0
sh600067,冠城大通,0
sh600068,葛洲坝,0
sh600070,浙江富润,0
sh600071,凤凰光学,0
sh600073,上海梅林,0
sh600074,中达股份,0
sh600075,新疆天业,0
sh600076,青鸟华光,0
sh600077,宋都股份,0
sh600078,澄星股份,0
sh600079,人福医药,0
sh600080,金花股份,0
sh600081,东风科技,0
sh600082,海泰发展,0
sh600083,博信股份,0
sh600084,中葡股份,0
sh600085,同仁堂,0
sh600086,东方金钰,0
sh600088,中视传媒,0
sh600089,特变电工,0
sh600090,啤酒花,0
sh600093,禾嘉股份,0
sh600094,大名城,0
sh600095,哈高科,0
sh600096,云天化,0
sh600097,开创国际,0
sh600098,广州发展,0
sh600099,林海股份,0
sh600100,同方股份,0
sh600101,明星电力,0
sh600102,莱钢股份,0
sh600103,青山纸业,0
sh600104,上汽集团,0
sh600105,永鼎股份,0
sh600106,重庆路桥,0
sh600107,美尔雅,0
sh600108,亚盛集团,0
sh600109,国金证券,0
sh600110,中科英华,0
sh600111,北方稀土,0
sh600112,天成控股,0
sh600113,浙江东日,0
sh600114,东睦股份,0
sh600115,东方航空,0
sh600116,三峡水利,0
sh600117,西宁特钢,0
sh600118,中国卫星,0
sh600119,长江投资,0
sh600120,浙江东方,0
sh600121,郑州煤电,0
sh600122,宏图高科,0
sh600123,兰花科创,0
sh600125,铁龙物流,0
sh600126,杭钢股份,0
sh600127,金健米业,0
sh600128,弘业股份,0
sh600129,太极集团,0
sh600130,波导股份,0
sh600131,岷江水电,0
sh600132,重庆啤酒,0
sh600133,东湖高新,0
sh600135,乐凯胶片,0
sh600136,道博股份,0
sh600137,浪莎股份,0
sh600138,中青旅,0
sh600139,西部资源,0
sh600141,兴发集团,0
sh600143,金发科技,0
sh600146,大元股份,0
sh600148,长春一东,0
sh600149,廊坊发展,0
sh600150,中国船舶,0
sh600151,航天机电,0
sh600152,维科精华,0
sh600153,建发股份,0
sh600155,宝硕股份,0
sh600156,华升股份,0
sh600157,永泰能源,0
sh600158,中体产业,0
sh600159,大龙地产,0
sh600160,巨化股份,0
sh600161,天坛生物,0
sh600162,香江控股,0
sh600165,新日恒力,0
sh600166,福田汽车,0
sh600167,联美控股,0
sh600168,XD武汉控,0
sh600169,太原重工,0
sh600170,上海建工,0
sh600171,上海贝岭,0
sh600172,黄河旋风,0
sh600173,卧龙地产,0
sh600175,美都能源,0
sh600176,中国巨石,0
sh600177,雅戈尔,0
sh600178,东安动力,0
sh600179,黑化股份,0
sh600180,瑞茂通,0
sh600182,S佳通,0
sh600183,生益科技,0
sh600184,光电股份,0
sh600185,格力地产,0
sh600186,莲花味精,0
sh600187,国中水务,0
sh600188,兖州煤业,0
sh600189,吉林森工,0
sh600190,锦州港,0
sh600191,华资实业,0
sh600192,长城电工,0
sh600193,创兴资源,0
sh600195,中牧股份,0
sh600196,复星医药,0
sh600197,伊力特,0
sh600198,大唐电信,0
sh600199,金种子酒,0
sh600200,江苏吴中,0
sh600201,金宇集团,0
sh600202,哈空调,0
sh600203,福日电子,0
sh600205,S山东铝,0
sh600206,有研新材,0
sh600207,安彩高科,0
sh600208,新湖中宝,0
sh600209,罗顿发展,0
sh600210,紫江企业,0
sh600211,西藏药业,0
sh600212,江泉实业,0
sh600213,亚星客车,0
sh600215,长春经开,0
sh600216,浙江医药,0
sh600218,全柴动力,0
sh600219,南山铝业,0
sh600220,江苏阳光,0
sh600221,海南航空,0
sh600222,太龙药业,0
sh600223,鲁商置业,0
sh600225,天津松江,0
sh600226,升华拜克,0
sh600227,赤天化,0
sh600228,昌九生化,0
sh600229,青岛碱业,0
sh600230,沧州大化,0
sh600231,凌钢股份,0
sh600232,金鹰股份,0
sh600233,大杨创世,0
sh600234,山水文化,0
sh600235,民丰特纸,0
sh600236,桂冠电力,0
sh600237,铜峰电子,0
sh600238,海南椰岛,0
sh600239,云南城投,0
sh600240,华业地产,0
sh600241,时代万恒,0
sh600242,中昌海运,0
sh600243,青海华鼎,0
sh600246,万通地产,0
sh600248,延长化建,0
sh600249,两面针,0
sh600250,南纺股份,0
sh600251,冠农股份,0
sh600252,中恒集团,0
sh600253,天方药业,0
sh600255,鑫科材料,0
sh600256,广汇能源,0
sh600257,大湖股份,0
sh600258,首旅酒店,0
sh600259,广晟有色,0
sh600260,凯乐科技,0
sh600261,阳光照明,0
sh600262,北方股份,0
sh600263,路桥建设,0
sh600266,北京城建,0
sh600267,海正药业,0
sh600268,国电南自,0
sh600269,赣粤高速,0
sh600270,外运发展,0
sh600271,航天信息,0
sh600272,开开实业,0
sh600273,嘉化能源,0
sh600275,武昌鱼,0
sh600276,恒瑞医药,0
sh600277,亿利能源,0
sh600278,东方创业,0
sh600279,重庆港九,0
sh600280,中央商场,0
sh600281,太化股份,0
sh600282,南钢股份,0
sh600283,钱江水利,0
sh600284,浦东建设,0
sh600285,羚锐制药,0
sh600287,江苏舜天,0
sh600288,大恒科技,0
sh600289,亿阳信通,0
sh600290,XD华仪电,0
sh600291,西水股份,0
sh600292,中电远达,0
sh600293,三峡新材,0
sh600295,鄂尔多斯,0
sh600296,S兰铝,0
sh600297,美罗药业,0
sh600298,安琪酵母,0
sh600299,蓝星新材,0
sh600300,维维股份,0
sh600302,标准股份,0
sh600303,曙光股份,0
sh600305,恒顺醋业,0
sh600306,商业城,0
sh600307,酒钢宏兴,0
sh600308,华泰股份,0
sh600309,万华化学,0
sh600310,桂东电力,0
sh600311,荣华实业,0
sh600312,平高电气,0
sh600313,农发种业,0
sh600315,上海家化,0
sh600316,洪都航空,0
sh600317,营口港,0
sh600318,巢东股份,0
sh600319,亚星化学,0
sh600320,振华重工,0
sh600321,国栋建设,0
sh600322,天房发展,0
sh600323,瀚蓝环境,0
sh600325,华发股份,0
sh600326,西藏天路,0
sh600327,大东方,0
sh600328,兰太实业,0
sh600329,中新药业,0
sh600330,天通股份,0
sh600331,宏达股份,0
sh600332,白云山,0
sh600333,长春燃气,0
sh600335,国机汽车,0
sh600336,澳柯玛,0
sh600337,美克家居,0
sh600338,西藏珠峰,0
sh600339,天利高新,0
sh600340,华夏幸福,0
sh600343,航天动力,0
sh600345,长江通信,0
sh600346,大橡塑,0
sh600348,阳泉煤业,0
sh600350,山东高速,0
sh600351,亚宝药业,0
sh600352,浙江龙盛,0
sh600353,旭光股份,0
sh600354,敦煌种业,0
sh600355,精伦电子,0
sh600356,恒丰纸业,0
sh600357,承德钒钛,0
sh600358,国旅联合,0
sh600359,新农开发,0
sh600360,华微电子,0
sh600361,华联综超,0
sh600362,江西铜业,0
sh600363,联创光电,0
sh600365,通葡股份,0
sh600366,宁波韵升,0
sh600367,红星发展,0
sh600368,五洲交通,0
sh600369,西南证券,0
sh600370,三房巷,0
sh600371,万向德农,0
sh600372,中航电子,0
sh600373,中文传媒,0
sh600375,华菱星马,0
sh600376,首开股份,0
sh600377,宁沪高速,0
sh600378,天科股份,0
sh600379,宝光股份,0
sh600380,健康元,0
sh600381,贤成矿业,0
sh600382,广东明珠,0
sh600383,金地集团,0
sh600386,北巴传媒,0
sh600387,海越股份,0
sh600388,龙净环保,0
sh600389,江山股份,0
sh600390,金瑞科技,0
sh600391,成发科技,0
sh600392,盛和资源,0
sh600393,东华实业,0
sh600395,盘江股份,0
sh600396,金山股份,0
sh600397,安源煤业,0
sh600398,XD海澜之,0
sh600399,抚顺特钢,0
sh600400,红豆股份,0
sh600403,大有能源,0
sh600405,动力源,0
sh600406,国电南瑞,0
sh600408,安泰集团,0
sh600409,三友化工,0
sh600410,华胜天成,0
sh600415,小商品城,0
sh600416,湘电股份,0
sh600418,江淮汽车,0
sh600419,天润乳业,0
sh600420,现代制药,0
sh600421,仰帆控股,0
sh600422,XD昆药集,0
sh600423,柳化股份,0
sh600425,青松建化,0
sh600426,华鲁恒升,0
sh600428,中远航运,0
sh600429,三元股份,0
sh600432,吉恩镍业,0
sh600433,冠豪高新,0
sh600435,北方导航,0
sh600436,片仔癀,0
sh600438,通威股份,0
sh600439,瑞贝卡,0
sh600446,金证股份,0
sh600448,华纺股份,0
sh600449,宁夏建材,0
sh600452,涪陵电力,0
sh600455,博通股份,0
sh600456,宝钛股份,0
sh600458,时代新材,0
sh600459,贵研铂业,0
sh600460,士兰微,0
sh600461,洪城水业,0
sh600462,石岘纸业,0
sh600463,空港股份,0
sh600466,蓝光发展,0
sh600467,好当家,0
sh600468,百利电气,0
sh600469,风神股份,0
sh600470,六国化工,0
sh600472,包头铝业,0
sh600475,华光股份,0
sh600476,湘邮科技,0
sh600477,杭萧钢构,0
sh600478,科力远,0
sh600479,千金药业,0
sh600480,凌云股份,0
sh600481,双良节能,0
sh600482,风帆股份,0
sh600483,福能股份,0
sh600485,信威集团,0
sh600486,扬农化工,0
sh600487,亨通光电,0
sh600488,天药股份,0
sh600489,中金黄金,0
sh600490,鹏欣资源,0
sh600491,龙元建设,0
sh600493,凤竹纺织,0
sh600495,晋西车轴,0
sh600496,精工钢构,0
sh600497,驰宏锌锗,0
sh600498,烽火通信,0
sh600499,科达洁能,0
sh600500,中化国际,0
sh600501,航天晨光,0
sh600502,安徽水利,0
sh600503,华丽家族,0
sh600505,西昌电力,0
sh600506,香梨股份,0
sh600507,方大特钢,0
sh600508,上海能源,0
sh600509,天富能源,0
sh600510,黑牡丹,0
sh600511,国药股份,0
sh600512,腾达建设,0
sh600513,联环药业,0
sh600515,海岛建设,0
sh600516,方大炭素,0
sh600517,置信电气,0
sh600518,康美药业,0
sh600519,贵州茅台,0
sh600520,中发科技,0
sh600521,华海药业,0
sh600522,中天科技,0
sh600523,贵航股份,0
sh600525,长园集团,0
sh600526,菲达环保,0
sh600527,江南高纤,0
sh600528,中铁二局,0
sh600529,山东药玻,0
sh600530,交大昂立,0
sh600531,豫光金铅,0
sh600532,宏达矿业,0
sh600533,栖霞建设,0
sh600535,天士力,0
sh600536,中国软件,0
sh600537,亿晶光电,0
sh600538,国发股份,0
sh600540,新赛股份,0
sh600543,莫高股份,0
sh600545,新疆城建,0
sh600546,山煤国际,0
sh600547,山东黄金,0
sh600548,深高速,0
sh600549,厦门钨业,0
sh600550,保变电气,0
sh600551,时代出版,0
sh600552,方兴科技,0
sh600553,太行水泥,0
sh600555,九龙山,0
sh600556,慧球科技,0
sh600557,康缘药业,0
sh600558,大西洋,0
sh600559,老白干酒,0
sh600560,金自天正,0
sh600561,江西长运,0
sh600562,国睿科技,0
sh600563,法拉电子,0
sh600565,迪马股份,0
sh600566,济川药业,0
sh600567,山鹰纸业,0
sh600568,中珠控股,0
sh600569,安阳钢铁,0
sh600570,恒生电子,0
sh600571,信雅达,0
sh600572,康恩贝,0
sh600573,惠泉啤酒,0
sh600575,皖江物流,0
sh600576,万好万家,0
sh600577,精达股份,0
sh600578,京能电力,0
sh600579,天华院,0
sh600580,卧龙电气,0
sh600581,八一钢铁,0
sh600582,天地科技,0
sh600583,海油工程,0
sh600584,长电科技,0
sh600585,海螺水泥,0
sh600586,金晶科技,0
sh600587,新华医疗,0
sh600588,DR用友网,0
sh600589,广东榕泰,0
sh600590,泰豪科技,0
sh600592,龙溪股份,0
sh600593,大连圣亚,0
sh600594,益佰制药,0
sh600595,中孚实业,0
sh600596,新安股份,0
sh600597,光明乳业,0
sh600598,北大荒,0
sh600599,熊猫金控,0
sh600600,青岛啤酒,0
sh600601,方正科技,0
sh600602,仪电电子,0
sh600603,大洲兴业,0
sh600604,市北高新,0
sh600605,汇通能源,0
sh600606,金丰投资,0
sh600607,上实医药,0
sh600609,金杯汽车,0
sh600611,大众交通,0
sh600612,老凤祥,0
sh600613,神奇制药,0
sh600614,鼎立股份,0
sh600615,丰华股份,0
sh600616,金枫酒业,0
sh600617,国新能源,0
sh600618,氯碱化工,0
sh600619,海立股份,0
sh600620,天宸股份,0
sh600621,华鑫股份,0
sh600622,嘉宝集团,0
sh600623,双钱股份,0
sh600624,复旦复华,0
sh600625,PT水仙,0
sh600626,申达股份,0
sh600627,上电股份,0
sh600628,新世界,0
sh600629,棱光实业,0
sh600630,龙头股份,0
sh600631,百联股份,0
sh600632,华联商厦,0
sh600633,浙报传媒,0
sh600634,中技控股,0
sh600635,大众公用,0
sh600636,XD三爱富,0
sh600637,百视通,0
sh600638,新黄浦,0
sh600639,浦东金桥,0
sh600640,号百控股,0
sh600641,万业企业,0
sh600642,申能股份,0
sh600643,爱建股份,0
sh600645,中源协和,0
sh600647,同达创业,0
sh600648,外高桥,0
sh600649,城投控股,0
sh600650,锦江投资,0
sh600651,飞乐音响,0
sh600652,游久游戏,0
sh600653,申华控股,0
sh600654,中安消,0
sh600655,豫园商城,0
sh600657,信达地产,0
sh600658,电子城,0
sh600660,福耀玻璃,0
sh600661,新南洋,0
sh600662,强生控股,0
sh600663,陆家嘴,0
sh600664,哈药股份,0
sh600665,天地源,0
sh600666,西南药业,0
sh600667,太极实业,0
sh600668,尖峰集团,0
sh600671,天目药业,0
sh600673,东阳光科,0
sh600674,川投能源,0
sh600675,中华企业,0
sh600676,交运股份,0
sh600677,航天通信,0
sh600678,四川金顶,0
sh600679,金山开发,0
sh600680,上海普天,0
sh600681,万鸿集团,0
sh600682,南京新百,0
sh600683,京投银泰,0
sh600684,珠江实业,0
sh600685,广船国际,0
sh600686,金龙汽车,0
sh600687,刚泰控股,0
sh600688,上海石化,0
sh600689,上海三毛,0
sh600690,青岛海尔,0
sh600692,亚通股份,0
sh600693,东百集团,0
sh600694,大商股份,0
sh600695,绿庭投资,0
sh600696,多伦股份,0
sh600697,欧亚集团,0
sh600698,湖南天雁,0
sh600699,均胜电子,0
sh600701,工大高新,0
sh600702,沱牌舍得,0
sh600703,三安光电,0
sh600704,物产中大,0
sh600705,中航投资,0
sh600706,曲江文旅,0
sh600707,彩虹股份,0
sh600708,海博股份,0
sh600711,盛屯矿业,0
sh600712,南宁百货,0
sh600713,南京医药,0
sh600714,金瑞矿业,0
sh600716,凤凰股份,0
sh600717,天津港,0
sh600718,东软集团,0
sh600719,大连热电,0
sh600720,祁连山,0
sh600721,百花村,0
sh600723,首商股份,0
sh600724,宁波富达,0
sh600725,云维股份,0
sh600726,华电能源,0
sh600727,鲁北化工,0
sh600728,佳都科技,0
sh600729,重庆百货,0
sh600730,中国高科,0
sh600731,湖南海利,0
sh600733,S前锋,0
sh600734,实达集团,0
sh600735,新华锦,0
sh600736,苏州高新,0
sh600737,中粮屯河,0
sh600738,兰州民百,0
sh600739,辽宁成大,0
sh600740,山西焦化,0
sh600741,华域汽车,0
sh600742,一汽富维,0
sh600743,华远地产,0
sh600744,华银电力,0
sh600745,中茵股份,0
sh600746,江苏索普,0
sh600747,大连控股,0
sh600748,上实发展,0
sh600749,西藏旅游,0
sh600750,江中药业,0
sh600751,天津海运,0
sh600753,东方银星,0
sh600754,锦江股份,0
sh600755,厦门国贸,0
sh600756,浪潮软件,0
sh600757,长江传媒,0
sh600758,红阳能源,0
sh600759,洲际油气,0
sh600760,中航黑豹,0
sh600761,安徽合力,0
sh600763,通策医疗,0
sh600764,中电广通,0
sh600765,中航重机,0
sh600766,园城黄金,0
sh600767,运盛实业,0
sh600768,宁波富邦,0
sh600769,祥龙电业,0
sh600770,综艺股份,0
sh600771,广誉远,0
sh600773,西藏城投,0
sh600774,汉商集团,0
sh600775,南京熊猫,0
sh600776,东方通信,0
sh600777,新潮实业,0
sh600778,友好集团,0
sh600779,水井坊,0
sh600780,通宝能源,0
sh600781,辅仁药业,0
sh600782,新钢股份,0
sh600783,鲁信创投,0
sh600784,鲁银投资,0
sh600785,新华百货,0
sh600786,东方锅炉,0
sh600787,XD中储股,0
sh600789,鲁抗医药,0
sh600790,轻纺城,0
sh600791,京能置业,0
sh600792,云煤能源,0
sh600794,保税科技,0
sh600795,国电电力,0
sh600796,钱江生化,0
sh600797,浙大网新,0
sh600798,宁波海运,0
sh600800,天津磁卡,0
sh600801,华新水泥,0
sh600802,福建水泥,0
sh600803,新奥股份,0
sh600804,鹏博士,0
sh600805,悦达投资,0
sh600806,昆明机床,0
sh600807,天业股份,0
sh600808,马钢股份,0
sh600809,山西汾酒,0
sh600810,神马股份,0
sh600811,东方集团,0
sh600812,华北制药,0
sh600814,杭州解百,0
sh600815,厦工股份,0
sh600816,安信信托,0
sh600818,中路股份,0
sh600819,耀皮玻璃,0
sh600820,隧道股份,0
sh600821,津劝业,0
sh600822,上海物贸,0
sh600823,世茂股份,0
sh600824,益民集团,0
sh600825,新华传媒,0
sh600826,兰生股份,0
sh600827,百联股份,0
sh600828,成商集团,0
sh600829,人民同泰,0
sh600830,香溢融通,0
sh600831,广电网络,0
sh600832,东方明珠,0
sh600833,第一医药,0
sh600834,申通地铁,0
sh600835,上海机电,0
sh600836,界龙实业,0
sh600837,海通证券,0
sh600838,上海九百,0
sh600839,四川长虹,0
sh600840,新湖创业,0
sh600841,上柴股份,0
sh600842,中西药业,0
sh600843,上工申贝,0
sh600844,丹化科技,0
sh600845,宝信软件,0
sh600846,同济科技,0
sh600847,万里股份,0
sh600848,自仪股份,0
sh600849,上药转换,0
sh600850,华东电脑,0
sh600851,海欣股份,0
sh600853,龙建股份,0
sh600854,春兰股份,0
sh600855,航天长峰,0
sh600856,长百集团,0
sh600857,工大首创,0
sh600858,银座股份,0
sh600859,王府井,0
sh600860,京城股份,0
sh600861,北京城乡,0
sh600862,南通科技,0
sh600863,内蒙华电,0
sh600864,哈投股份,0
sh600865,百大集团,0
sh600866,星湖科技,0
sh600867,通化东宝,0
sh600868,梅雁吉祥,0
sh600869,智慧能源,0
sh600870,厦华电子,0
sh600871,石化油服,0
sh600872,中炬高新,0
sh600873,梅花生物,0
sh600874,创业环保,0
sh600875,东方电气,0
sh600876,洛阳玻璃,0
sh600877,中国嘉陵,0
sh600879,航天电子,0
sh600880,博瑞传播,0
sh600881,亚泰集团,0
sh600882,华联矿业,0
sh600883,博闻科技,0
sh600884,杉杉股份,0
sh600885,宏发股份,0
sh600886,国投电力,0
sh600887,伊利股份,0
sh600888,新疆众和,0
sh600889,南京化纤,0
sh600890,中房股份,0
sh600891,秋林集团,0
sh600892,宝诚股份,0
sh600893,中航动力,0
sh600894,广日股份,0
sh600895,张江高科,0
sh600896,中海海盛,0
sh600897,厦门空港,0
sh600898,三联商社,0
sh600900,长江电力,0
sh600917,重庆燃气,0
sh600958,东方证券,0
sh600959,江苏有线,0
sh600960,渤海活塞,0
sh600961,株冶集团,0
sh600963,岳阳林纸,0
sh600965,福成五丰,0
sh600966,博汇纸业,0
sh600967,北方创业,0
sh600969,郴电国际,0
sh600970,中材国际,0
sh600971,恒源煤电,0
sh600973,宝胜股份,0
sh600975,新五丰,0
sh600976,健民集团,0
sh600978,宜华木业,0
sh600979,广安爱众,0
sh600980,北矿磁材,0
sh600981,汇鸿股份,0
sh600982,宁波热电,0
sh600983,惠而浦,0
sh600985,雷鸣科化,0
sh600986,科达股份,0
sh600987,航民股份,0
sh600988,赤峰黄金,0
sh600990,四创电子,0
sh600991,广汽长丰,0
sh600992,贵绳股份,0
sh600993,马应龙,0
sh600995,文山电力,0
sh600997,开滦股份,0
sh600998,九州通,0
sh600999,招商证券,0
sh601000,唐山港,0
sh601001,大同煤业,0
sh601002,晋亿实业,0
sh601003,柳钢股份,0
sh601005,重庆钢铁,0
sh601006,大秦铁路,0
sh601007,金陵饭店,0
sh601008,连云港,0
sh601009,南京银行,0
sh601010,文峰股份,0
sh601011,宝泰隆,0
sh601012,隆基股份,0
sh601015,陕西黑猫,0
sh601016,节能风电,0
sh601018,宁波港,0
sh601021,春秋航空,0
sh601028,玉龙股份,0
sh601038,一拖股份,0
sh601058,赛轮金宇,0
sh601069,西部黄金,0
sh601088,中国神华,0
sh601098,中南传媒,0
sh601099,太平洋,0
sh601100,恒立油缸,0
sh601101,昊华能源,0
sh601106,中国一重,0
sh601107,四川成渝,0
sh601111,中国国航,0
sh601113,华鼎股份,0
sh601116,三江购物,0
sh601117,中国化学,0
sh601118,海南橡胶,0
sh601126,四方股份,0
sh601137,博威合金,0
sh601139,深圳燃气,0
sh601158,重庆水务,0
sh601166,兴业银行,0
sh601168,西部矿业,0
sh601169,北京银行,0
sh601177,杭齿前进,0
sh601179,中国西电,0
sh601186,中国铁建,0
sh601188,龙江交通,0
sh601198,东兴证券,0
sh601199,江南水务,0
sh601208,东材科技,0
sh601216,内蒙君正,0
sh601218,吉鑫科技,0
sh601222,林洋电子,0
sh601225,陕西煤业,0
sh601226,华电重工,0
sh601231,环旭电子,0
sh601233,桐昆股份,0
sh601238,广汽集团,0
sh601258,庞大集团,0
sh601288,农业银行,0
sh601299,中国北车,0
sh601311,骆驼股份,0
sh601313,江南嘉捷,0
sh601318,中国平安,0
sh601328,交通银行,0
sh601333,广深铁路,0
sh601336,新华保险,0
sh601339,百隆东方,0
sh601369,XD陕鼓动,0
sh601377,兴业证券,0
sh601388,怡球资源,0
sh601390,中国中铁,0
sh601398,工商银行,0
sh601515,东风股份,0
sh601518,吉林高速,0
sh601519,大智慧,0
sh601555,东吴证券,0
sh601566,九牧王,0
sh601567,三星电气,0
sh601579,会稽山,0
sh601588,北辰实业,0
sh601599,鹿港科技,0
sh601600,中国铝业,0
sh601601,中国太保,0
sh601607,上海医药,0
sh601608,中信重工,0
sh601616,广电电气,0
sh601618,中国中冶,0
sh601628,中国人寿,0
sh601633,长城汽车,0
sh601636,旗滨集团,0
sh601666,平煤股份,0
sh601668,中国建筑,0
sh601669,中国电建,0
sh601677,明泰铝业,0
sh601678,滨化股份,0
sh601688,XD华泰证,0
sh601689,拓普集团,0
sh601699,潞安环能,0
sh601700,风范股份,0
sh601717,郑煤机,0
sh601718,际华集团,0
sh601727,上海电气,0
sh601766,中国南车,0
sh601777,力帆股份,0
sh601788,光大证券,0
sh601789,宁波建工,0
sh601798,蓝科高新,0
sh601799,星宇股份,0
sh601800,中国交建,0
sh601801,皖新传媒,0
sh601808,中海油服,0
sh601818,光大银行,0
sh601857,中国石油,0
sh601866,中海集运,0
sh601872,招商轮船,0
sh601877,正泰电器,0
sh601880,大连港,0
sh601886,江河创建,0
sh601888,中国国旅,0
sh601890,亚星锚链,0
sh601898,中煤能源,0
sh601899,紫金矿业,0
sh601901,方正证券,0
sh601908,京运通,0
sh601918,国投新集,0
sh601919,中国远洋,0
sh601928,凤凰传媒,0
sh601929,吉视传媒,0
sh601933,永辉超市,0
sh601939,建设银行,0
sh601958,金钼股份,0
sh601965,中国汽研,0
sh601969,海南矿业,0
sh601988,中国银行,0
sh601989,中国重工,0
sh601991,大唐发电,0
sh601992,金隅股份,0
sh601996,丰林集团,0
sh601998,中信银行,0
sh601999,出版传媒,0
sh603000,人民网,0
sh603001,奥康国际,0
sh603002,宏昌电子,0
sh603003,龙宇燃油,0
sh603005,晶方科技,0
sh603006,联明股份,0
sh603008,喜临门,0
sh603009,北特科技,0
sh603010,万盛股份,0
sh603011,合锻股份,0
sh603012,创力集团,0
sh603015,弘讯科技,0
sh603017,园区设计,0
sh603018,设计股份,0
sh603019,中科曙光,0
sh603020,爱普股份,0
sh603021,山东华鹏,0
sh603022,新通联,0
sh603025,大豪科技,0
sh603030,全筑股份,0
sh603077,和邦股份,0
sh603088,宁波精达,0
sh603099,长白山,0
sh603100,川仪股份,0
sh603111,康尼机电,0
sh603116,红蜻蜓,0
sh603118,共进股份,0
sh603123,翠微股份,0
sh603126,中材节能,0
sh603128,华贸物流,0
sh603158,腾龙股份,0
sh603166,福达股份,0
sh603167,渤海轮渡,0
sh603168,莎普爱思,0
sh603169,兰石重装,0
sh603188,亚邦股份,0
sh603199,九华旅游,0
sh603222,济民制药,0
sh603227,雪峰科技,0
sh603268,松发股份,0
sh603288,海天味业,0
sh603306,华懋科技,0
sh603308,应流股份,0
sh603309,维力医疗,0
sh603311,金海环境,0
sh603315,福鞍股份,0
sh603318,派思股份,0
sh603328,依顿电子,0
sh603333,明星电缆,0
sh603338,浙江鼎力,0
sh603355,莱克电气,0
sh603366,日出东方,0
sh603368,柳州医药,0
sh603369,今世缘,0
sh603399,XD新华龙,0
sh603456,九洲药业,0
sh603518,维格娜丝,0
sh603519,立霸股份,0
sh603555,贵人鸟,0
sh603558,健盛集团,0
sh603566,普莱柯,0
sh603567,珍宝岛,0
sh603588,高能环境,0
sh603599,广信股份,0
sh603600,永艺股份,0
sh603601,再升科技,0
sh603606,东方电缆,0
sh603609,禾丰牧业,0
sh603611,诺力股份,0
sh603618,杭电股份,0
sh603636,南威软件,0
sh603678,火炬电子,0
sh603686,龙马环卫,0
sh603688,石英股份,0
sh603698,航天工程,0
sh603699,纽威股份,0
sh603703,盛洋科技,0
sh603718,海利生物,0
sh603729,龙韵股份,0
sh603766,隆鑫通用,0
sh603788,宁波高发,0
sh603789,星光农机,0
sh603799,华友钴业,0
sh603806,福斯特,0
sh603808,歌力思,0
sh603818,曲美股份,0
sh603828,柯利达,0
sh603869,北部湾旅,0
sh603883,老百姓,0
sh603889,新澳股份,0
sh603898,好莱客,0
sh603899,晨光文具,0
sh603939,益丰药房,0
sh603968,醋化股份,0
sh603969,银龙股份,0
sh603988,中电电机,0
sh603989,艾华集团,0
sh603993,洛阳钼业,0
sh603997,继峰股份,0
sh603998,方盛制药,0
sz000001,平安银行,1
sz000002,万科A,1
sz000003,PT金田A,1
sz000004,国农科技,1
sz000005,世纪星源,1
sz000006,深振业A,1
sz000007,零七股份,1
sz000008,神州高铁,1
sz000009,中国宝安,1
sz000010,深华新,1
sz000011,深物业A,1
sz000012,南玻A,1
sz000014,沙河股份,1
sz000015,PT中浩A,1
sz000016,深康佳A,1
sz000017,深中华A,1
sz000018,中冠A,1
sz000019,深深宝A,1
sz000020,深华发A,1
sz000021,深科技,1
sz000022,深赤湾A,1
sz000023,深天地A,1
sz000024,招商地产,1
sz000025,特力A,1
sz000026,飞亚达A,1
sz000027,深圳能源,1
sz000028,国药一致,1
sz000029,深深房A,1
sz000030,富奥股份,1
sz000031,中粮地产,1
sz000032,深桑达A,1
sz000034,深信泰丰,1
sz000035,中国天楹,1
sz000036,华联控股,1
sz000037,深南电A,1
sz000038,深大通,1
sz000039,中集集团,1
sz000040,宝安地产,1
sz000042,中洲控股,1
sz000043,中航地产,1
sz000045,深纺织A,1
sz000046,泛海控股,1
sz000048,康达尔,1
sz000049,德赛电池,1
sz000050,深天马A,1
sz000055,方大集团,1
sz000056,深国商,1
sz000058,深赛格,1
sz000060,中金岭南,1
sz000061,农产品,1
sz000062,深圳华强,1
sz000063,中兴通讯,1
sz000065,北方国际,1
sz000066,长城电脑,1
sz000069,华侨城A,1
sz000070,特发信息,1
sz000078,海王生物,1
sz000088,盐田港,1
sz000089,深圳机场,1
sz000090,天健集团,1
sz000096,广聚能源,1
sz000099,中信海直,1
sz000100,TCL集团,1
sz000150,宜华健康,1
sz000151,中成股份,1
sz000153,丰原药业,1
sz000156,华数传媒,1
sz000157,中联重科,1
sz000158,常山股份,1
sz000159,国际实业,1
sz000166,申万宏源,1
sz000301,东方市场,1
sz000333,美的集团,1
sz000338,潍柴动力,1
sz000400,许继电气,1
sz000401,冀东水泥,1
sz000402,金融街,1
sz000404,华意压缩,1
sz000407,胜利股份,1
sz000408,金谷源,1
sz000409,山东地矿,1
sz000410,沈阳机床,1
sz000411,英特集团,1
sz000413,东旭光电,1
sz000415,渤海租赁,1
sz000416,民生控股,1
sz000417,合肥百货,1
sz000418,小天鹅A,1
sz000419,通程控股,1
sz000420,吉林化纤,1
sz000421,南京中北,1
sz000422,湖北宜化,1
sz000423,东阿阿胶,1
sz000425,徐工机械,1
sz000426,兴业矿业,1
sz000428,华天酒店,1
sz000429,粤高速A,1
sz000430,张家界,1
sz000488,晨鸣纸业,1
sz000498,山东路桥,1
sz000501,鄂武商A,1
sz000502,绿景控股,1
sz000503,海虹控股,1
sz000504,南华生物,1
sz000505,珠江控股,1
sz000506,中润资源,1
sz000507,珠海港,1
sz000508,琼民源,1
sz000509,华塑控股,1
sz000511,烯碳新材,1
sz000513,丽珠集团,1
sz000514,渝开发,1
sz000515,攀渝钛业,1
sz000516,国际医学,1
sz000517,荣安地产,1
sz000518,四环生物,1
sz000519,江南红箭,1
sz000521,美菱电器,1
sz000522,白云山A,1
sz000523,广州浪奇,1
sz000524,东方宾馆,1
sz000525,红太阳,1
sz000526,银润投资,1
sz000527,美的电器,1
sz000528,柳工,1
sz000529,广弘控股,1
sz000530,大冷股份,1
sz000531,穗恒运A,1
sz000532,力合股份,1
sz000533,万家乐,1
sz000534,万泽股份,1
sz000536,华映科技,1
sz000537,广宇发展,1
sz000538,云南白药,1
sz000539,粤电力A,1
sz000540,中天城投,1
sz000541,佛山照明,1
sz000542,TCL通讯,1
sz000543,皖能电力,1
sz000544,中原环保,1
sz000545,金浦钛业,1
sz000546,金圆股份,1
sz000547,闽福发A,1
sz000548,湖南投资,1
sz000549,S湘火炬,1
sz000550,江铃汽车,1
sz000551,创元科技,1
sz000552,靖远煤电,1
sz000553,沙隆达A,1
sz000554,泰山石油,1
sz000555,神州信息,1
sz000556,PT南洋,1
sz000558,莱茵置业,1
sz000559,万向钱潮,1
sz000560,昆百大A,1
sz000561,烽火电子,1
sz000562,宏源证券,1
sz000563,陕国投A,1
sz000564,西安民生,1
sz000565,渝三峡A,1
sz000566,海南海药,1
sz000567,海德股份,1
sz000568,泸州老窖,1
sz000569,长城股份,1
sz000570,苏常柴A,1
sz000571,新大洲A,1
sz000572,海马汽车,1
sz000573,粤宏远A,1
sz000576,广东甘化,1
sz000578,盐湖集团,1
sz000581,威孚高科,1
sz000582,北部湾港,1
sz000584,友利控股,1
sz000585,东北电气,1
sz000586,汇源通信,1
sz000587,金叶珠宝,1
sz000588,PT粤金曼,1
sz000589,黔轮胎A,1
sz000590,紫光古汉,1
sz000591,桐君阁,1
sz000592,平潭发展,1
sz000593,大通燃气,1
sz000595,西北轴承,1
sz000596,古井贡酒,1
sz000597,东北制药,1
sz000598,兴蓉投资,1
sz000599,青岛双星,1
sz000600,建投能源,1
sz000601,韶能股份,1
sz000603,盛达矿业,1
sz000605,渤海股份,1
sz000606,青海明胶,1
sz000607,华媒控股,1
sz000608,阳光股份,1
sz000609,绵世股份,1
sz000610,西安旅游,1
sz000612,焦作万方,1
sz000613,大东海A,1
sz000615,湖北金环,1
sz000616,海航投资,1
sz000617,石油济柴,1
sz000619,海螺型材,1
sz000620,新华联,1
sz000622,恒立实业,1
sz000623,吉林敖东,1
sz000625,长安汽车,1
sz000626,如意集团,1
sz000627,天茂集团,1
sz000628,高新发展,1
sz000629,攀钢钒钛,1
sz000630,铜陵有色,1
sz000631,顺发恒业,1
sz000632,三木集团,1
sz000633,合金投资,1
sz000635,英力特,1
sz000636,风华高科,1
sz000637,茂化实华,1
sz000638,万方发展,1
sz000639,西王食品,1
sz000650,仁和药业,1
sz000651,格力电器,1
sz000652,泰达股份,1
sz000655,金岭矿业,1
sz000656,金科股份,1
sz000657,中钨高新,1
sz000661,长春高新,1
sz000662,索芙特,1
sz000663,永安林业,1
sz000665,湖北广电,1
sz000666,经纬纺机,1
sz000667,美好集团,1
sz000668,荣丰控股,1
sz000669,金鸿能源,1
sz000670,盈方微,1
sz000671,阳光城,1
sz000672,上峰水泥,1
sz000673,当代东方,1
sz000676,智度投资,1
sz000678,襄阳轴承,1
sz000679,大连友谊,1
sz000680,山推股份,1
sz000681,视觉中国,1
sz000682,东方电子,1
sz000683,远兴能源,1
sz000685,中山公用,1
sz000686,东北证券,1
sz000687,恒天天鹅,1
sz000688,建新矿业,1
sz000690,宝新能源,1
sz000691,亚太实业,1
sz000692,惠天热电,1
sz000693,华泽钴镍,1
sz000695,滨海能源,1
sz000697,炼石有色,1
sz000698,沈阳化工,1
sz000700,模塑科技,1
sz000701,厦门信达,1
sz000702,正虹科技,1
sz000703,恒逸石化,1
sz000705,浙江震元,1
sz000707,双环科技,1
sz000708,大冶特钢,1
sz000709,河北钢铁,1
sz000710,天兴仪表,1
sz000712,锦龙股份,1
sz000713,丰乐种业,1
sz000715,中兴商业,1
sz000716,黑芝麻,1
sz000717,韶钢松山,1
sz000718,苏宁环球,1
sz000719,大地传媒,1
sz000720,新能泰山,1
sz000721,西安饮食,1
sz000722,湖南发展,1
sz000723,美锦能源,1
sz000725,京东方A,1
sz000726,鲁泰A,1
sz000727,华东科技,1
sz000728,国元证券,1
sz000729,燕京啤酒,1
sz000731,四川美丰,1
sz000732,泰禾集团,1
sz000733,振华科技,1
sz000735,罗牛山,1
sz000736,中房地产,1
sz000737,南风化工,1
sz000738,中航动控,1
sz000739,普洛药业,1
sz000748,长城信息,1
sz000750,国海证券,1
sz000751,锌业股份,1
sz000752,西藏发展,1
sz000753,漳州发展,1
sz000756,新华制药,1
sz000757,浩物股份,1
sz000758,中色股份,1
sz000759,中百集团,1
sz000760,斯太尔,1
sz000761,本钢板材,1
sz000762,西藏矿业,1
sz000766,通化金马,1
sz000767,漳泽电力,1
sz000768,中航飞机,1
sz000776,广发证券,1
sz000777,中核科技,1
sz000778,新兴铸管,1
sz000779,三毛派神,1
sz000780,平庄能源,1
sz000782,美达股份,1
sz000783,长江证券,1
sz000785,武汉中商,1
sz000786,北新建材,1
sz000788,北大医药,1
sz000789,万年青,1
sz000790,华神集团,1
sz000791,甘肃电投,1
sz000792,盐湖股份,1
sz000793,华闻传媒,1
sz000795,太原刚玉,1
sz000796,易食股份,1
sz000797,中国武夷,1
sz000798,中水渔业,1
sz000800,一汽轿车,1
sz000801,四川九洲,1
sz000802,北京文化,1
sz000803,金宇车城,1
sz000806,银河投资,1
sz000807,云铝股份,1
sz000809,铁岭新城,1
sz000810,创维数字,1
sz000811,烟台冰轮,1
sz000812,陕西金叶,1
sz000813,天山纺织,1
sz000816,江淮动力,1
sz000818,方大化工,1
sz000819,岳阳兴长,1
sz000820,金城股份,1
sz000821,京山轻机,1
sz000822,山东海化,1
sz000823,超声电子,1
sz000825,太钢不锈,1
sz000826,桑德环境,1
sz000828,东莞控股,1
sz000829,天音控股,1
sz000830,鲁西化工,1
sz000831,五矿稀土,1
sz000833,贵糖股份,1
sz000835,长城动漫,1
sz000836,鑫茂科技,1
sz000837,秦川机床,1
sz000838,国兴地产,1
sz000839,中信国安,1
sz000848,承德露露,1
sz000850,华茂股份,1
sz000851,高鸿股份,1
sz000852,江钻股份,1
sz000856,冀东装备,1
sz000858,五粮液,1
sz000859,国风塑业,1
sz000860,顺鑫农业,1
sz000861,海印股份,1
sz000862,银星能源,1
sz000863,三湘股份,1
sz000868,安凯客车,1
sz000869,张裕A,1
sz000875,吉电股份,1
sz000876,新希望,1
sz000877,天山股份,1
sz000878,云南铜业,1
sz000880,潍柴重机,1
sz000881,大连国际,1
sz000882,华联股份,1
sz000883,湖北能源,1
sz000885,同力水泥,1
sz000886,海南高速,1
sz000887,中鼎股份,1
sz000888,峨眉山A,1
sz000889,茂业物流,1
sz000890,法尔胜,1
sz000893,东凌粮油,1
sz000895,双汇发展,1
sz000897,津滨发展,1
sz000898,鞍钢股份,1
sz000899,赣能股份,1
sz000900,现代投资,1
sz000901,航天科技,1
sz000902,新洋丰,1
sz000903,云内动力,1
sz000905,厦门港务,1
sz000906,物产中拓,1
sz000908,景峰医药,1
sz000909,数源科技,1
sz000910,大亚科技,1
sz000911,南宁糖业,1
sz000913,钱江摩托,1
sz000915,山大华特,1
sz000916,华北高速,1
sz000917,电广传媒,1
sz000918,嘉凯城,1
sz000919,金陵药业,1
sz000920,南方汇通,1
sz000921,海信科龙,1
sz000922,佳电股份,1
sz000923,河北宣工,1
sz000925,众合科技,1
sz000926,福星股份,1
sz000928,中钢国际,1
sz000929,兰州黄河,1
sz000930,中粮生化,1
sz000931,中关村,1
sz000932,华菱钢铁,1
sz000933,神火股份,1
sz000935,四川双马,1
sz000936,华西股份,1
sz000937,冀中能源,1
sz000938,紫光股份,1
sz000939,凯迪电力,1
sz000948,南天信息,1
sz000949,新乡化纤,1
sz000950,建峰化工,1
sz000951,中国重汽,1
sz000952,广济药业,1
sz000953,河池化工,1
sz000955,欣龙控股,1
sz000957,中通客车,1
sz000958,东方能源,1
sz000959,首钢股份,1
sz000960,锡业股份,1
sz000961,中南建设,1
sz000962,东方钽业,1
sz000963,华东医药,1
sz000965,天保基建,1
sz000966,长源电力,1
sz000967,上风高科,1
sz000968,煤气化,1
sz000969,安泰科技,1
sz000970,中科三环,1
sz000971,蓝鼎控股,1
sz000972,新中基,1
sz000973,佛塑科技,1
sz000975,银泰资源,1
sz000977,浪潮信息,1
sz000978,桂林旅游,1
sz000979,中弘股份,1
sz000980,金马股份,1
sz000981,银亿股份,1
sz000982,中银绒业,1
sz000983,西山煤电,1
sz000985,大庆华科,1
sz000987,广州友谊,1
sz000988,华工科技,1
sz000989,九芝堂,1
sz000990,诚志股份,1
sz000993,闽东电力,1
sz000996,中国中期,1
sz000997,新大陆,1
sz000998,隆平高科,1
sz000999,华润三九,1
sz001696,宗申动力,1
sz001896,豫能控股,1
sz002001,新和成,1
sz002002,鸿达兴业,1
sz002003,伟星股份,1
sz002004,华邦颖泰,1
sz002005,德豪润达,1
sz002006,精功科技,1
sz002007,华兰生物,1
sz002008,大族激光,1
sz002009,天奇股份,1
sz002010,传化股份,1
sz002011,盾安环境,1
sz002012,凯恩股份,1
sz002013,中航机电,1
sz002014,永新股份,1
sz002016,世荣兆业,1
sz002017,东信和平,1
sz002018,华信国际,1
sz002019,亿帆鑫富,1
sz002020,京新药业,1
sz002021,中捷资源,1
sz002022,科华生物,1
sz002023,海特高新,1
sz002024,苏宁云商,1
sz002025,航天电器,1
sz002026,山东威达,1
sz002027,七喜控股,1
sz002028,思源电气,1
sz002029,七匹狼,1
sz002030,达安基因,1
sz002031,巨轮股份,1
sz002032,苏泊尔,1
sz002033,丽江旅游,1
sz002034,美欣达,1
sz002035,华帝股份,1
sz002036,汉麻产业,1
sz002037,久联发展,1
sz002038,双鹭药业,1
sz002039,黔源电力,1
sz002040,南京港,1
sz002041,登海种业,1
sz002042,华孚色纺,1
sz002043,兔宝宝,1
sz002044,江苏三友,1
sz002045,国光电器,1
sz002046,轴研科技,1
sz002047,宝鹰股份,1
sz002048,宁波华翔,1
sz002049,同方国芯,1
sz002050,三花股份,1
sz002051,中工国际,1
sz002052,同洲电子,1
sz002053,云南盐化,1
sz002054,德美化工,1
sz002055,得润电子,1
sz002056,横店东磁,1
sz002057,中钢天源,1
sz002058,威尔泰,1
sz002059,云南旅游,1
sz002060,粤水电,1
sz002061,江山化工,1
sz002062,宏润建设,1
sz002063,远光软件,1
sz002064,华峰氨纶,1
sz002065,东华软件,1
sz002066,瑞泰科技,1
sz002067,景兴纸业,1
sz002068,黑猫股份,1
sz002069,獐子岛,1
sz002070,众和股份,1
sz002071,长城影视,1
sz002072,凯瑞德,1
sz002073,软控股份,1
sz002074,东源电器,1
sz002075,沙钢股份,1
sz002076,雪莱特,1
sz002077,大港股份,1
sz002078,太阳纸业,1
sz002079,苏州固锝,1
sz002080,中材科技,1
sz002081,金螳螂,1
sz002082,栋梁新材,1
sz002083,孚日股份,1
sz002084,海鸥卫浴,1
sz002085,万丰奥威,1
sz002086,东方海洋,1
sz002087,新野纺织,1
sz002088,鲁阳股份,1
sz002089,新海宜,1
sz002090,金智科技,1
sz002091,江苏国泰,1
sz002092,中泰化学,1
sz002093,国脉科技,1
sz002094,青岛金王,1
sz002095,生意宝,1
sz002096,南岭民爆,1
sz002097,山河智能,1
sz002098,浔兴股份,1
sz002099,海翔药业,1
sz002100,天康生物,1
sz002101,广东鸿图,1
sz002102,冠福股份,1
sz002103,广博股份,1
sz002104,恒宝股份,1
sz002105,信隆实业,1
sz002106,莱宝高科,1
sz002107,沃华医药,1
sz002108,沧州明珠,1
sz002109,兴化股份,1
sz002110,三钢闽光,1
sz002111,威海广泰,1
sz002112,三变科技,1
sz002113,天润控股,1
sz002114,罗平锌电,1
sz002115,三维通信,1
sz002116,中国海诚,1
sz002117,东港股份,1
sz002118,紫鑫药业,1
sz002119,康强电子,1
sz002120,新海股份,1
sz002121,科陆电子,1
sz002122,天马股份,1
sz002123,荣信股份,1
sz002124,天邦股份,1
sz002125,湘潭电化,1
sz002126,银轮股份,1
sz002127,新民科技,1
sz002128,露天煤业,1
sz002129,中环股份,1
sz002130,沃尔核材,1
sz002131,利欧股份,1
sz002132,恒星科技,1
sz002133,广宇集团,1
sz002134,天津普林,1
sz002135,东南网架,1
sz002136,安纳达,1
sz002137,实益达,1
sz002138,顺络电子,1
sz002139,拓邦股份,1
sz002140,东华科技,1
sz002141,蓉胜超微,1
sz002142,宁波银行,1
sz002143,印纪传媒,1
sz002144,宏达高科,1
sz002145,中核钛白,1
sz002146,荣盛发展,1
sz002147,方圆支承,1
sz002148,北纬通信,1
sz002149,西部材料,1
sz002150,通润装备,1
sz002151,北斗星通,1
sz002152,广电运通,1
sz002153,石基信息,1
sz002154,报喜鸟,1
sz002155,辰州矿业,1
sz002156,通富微电,1
sz002157,正邦科技,1
sz002158,汉钟精机,1
sz002159,三特索道,1
sz002160,常铝股份,1
sz002161,远望谷,1
sz002162,斯米克,1
sz002164,宁波东力,1
sz002165,红宝丽,1
sz002166,莱茵生物,1
sz002167,东方锆业,1
sz002168,深圳惠程,1
sz002169,智光电气,1
sz002170,芭田股份,1
sz002171,精诚铜业,1
sz002172,澳洋科技,1
sz002173,千足珍珠,1
sz002174,游族网络,1
sz002175,广陆数测,1
sz002176,江特电机,1
sz002177,御银股份,1
sz002178,延华智能,1
sz002179,中航光电,1
sz002180,艾派克,1
sz002181,粤传媒,1
sz002182,云海金属,1
sz002183,怡亚通,1
sz002184,海得控制,1
sz002185,华天科技,1
sz002186,全聚德,1
sz002187,广百股份,1
sz002188,新嘉联,1
sz002189,利达光电,1
sz002190,成飞集成,1
sz002191,劲嘉股份,1
sz002193,山东如意,1
sz002194,武汉凡谷,1
sz002195,二三四五,1
sz002196,方正电机,1
sz002197,证通电子,1
sz002198,嘉应制药,1
sz002199,东晶电子,1
sz002200,云投生态,1
sz002201,九鼎新材,1
sz002202,金风科技,1
sz002203,海亮股份,1
sz002204,大连重工,1
sz002205,国统股份,1
sz002206,海利得,1
sz002207,准油股份,1
sz002208,合肥城建,1
sz002209,达意隆,1
sz002210,飞马国际,1
sz002211,宏达新材,1
sz002212,南洋股份,1
sz002213,特尔佳,1
sz002214,大立科技,1
sz002215,诺普信,1
sz002216,三全食品,1
sz002217,合力泰,1
sz002218,拓日新能,1
sz002219,恒康医疗,1
sz002220,天宝股份,1
sz002221,东华能源,1
sz002222,福晶科技,1
sz002223,鱼跃医疗,1
sz002224,三力士,1
sz002225,濮耐股份,1
sz002226,江南化工,1
sz002227,奥特迅,1
sz002228,合兴包装,1
sz002229,鸿博股份,1
sz002230,科大讯飞,1
sz002231,奥维通信,1
sz002232,启明信息,1
sz002233,塔牌集团,1
sz002234,民和股份,1
sz002235,安妮股份,1
sz002236,大华股份,1
sz002237,恒邦股份,1
sz002238,天威视讯,1
sz002239,金飞达,1
sz002240,威华股份,1
sz002241,歌尔声学,1
sz002242,九阳股份,1
sz002243,通产丽星,1
sz002244,滨江集团,1
sz002245,澳洋顺昌,1
sz002246,北化股份,1
sz002247,帝龙新材,1
sz002248,华东数控,1
sz002249,大洋电机,1
sz002250,联化科技,1
sz002251,步步高,1
sz002252,上海莱士,1
sz002253,川大智胜,1
sz002254,泰和新材,1
sz002255,海陆重工,1
sz002256,彩虹精化,1
sz002258,利尔化学,1
sz002259,升达林业,1
sz002260,伊立浦,1
sz002261,拓维信息,1
sz002262,恩华药业,1
sz002263,大东南,1
sz002264,新华都,1
sz002265,西仪股份,1
sz002266,浙富控股,1
sz002267,陕天然气,1
sz002268,卫士通,1
sz002269,美邦服饰,1
sz002270,法因数控,1
sz002271,东方雨虹,1
sz002272,川润股份,1
sz002273,水晶光电,1
sz002274,华昌化工,1
sz002275,桂林三金,1
sz002276,万马股份,1
sz002277,友阿股份,1
sz002278,神开股份,1
sz002279,久其软件,1
sz002280,联络互动,1
sz002281,光迅科技,1
sz002282,博深工具,1
sz002283,天润曲轴,1
sz002284,亚太股份,1
sz002285,世联行,1
sz002286,保龄宝,1
sz002287,奇正藏药,1
sz002288,超华科技,1
sz002289,宇顺电子,1
sz002290,禾盛新材,1
sz002291,星期六,1
sz002292,奥飞动漫,1
sz002293,罗莱家纺,1
sz002294,信立泰,1
sz002295,精艺股份,1
sz002296,辉煌科技,1
sz002297,博云新材,1
sz002298,鑫龙电器,1
sz002299,圣农发展,1
sz002300,太阳电缆,1
sz002301,齐心集团,1
sz002302,西部建设,1
sz002303,美盈森,1
sz002304,洋河股份,1
sz002305,南国置业,1
sz002307,北新路桥,1
sz002308,威创股份,1
sz002309,中利科技,1
sz002310,东方园林,1
sz002311,海大集团,1
sz002312,三泰控股,1
sz002313,日海通讯,1
sz002314,雅致股份,1
sz002315,焦点科技,1
sz002316,键桥通讯,1
sz002317,众生药业,1
sz002318,久立特材,1
sz002319,乐通股份,1
sz002320,海峡股份,1
sz002321,华英农业,1
sz002322,理工监测,1
sz002323,中联电气,1
sz002324,普利特,1
sz002325,洪涛股份,1
sz002326,永太科技,1
sz002327,富安娜,1
sz002328,新朋股份,1
sz002329,皇氏集团,1
sz002330,得利斯,1
sz002331,皖通科技,1
sz002332,仙琚制药,1
sz002333,罗普斯金,1
sz002334,英威腾,1
sz002335,科华恒盛,1
sz002336,人人乐,1
sz002337,赛象科技,1
sz002338,奥普光电,1
sz002339,积成电子,1
sz002340,格林美,1
sz002341,新纶科技,1
sz002342,巨力索具,1
sz002343,禾欣股份,1
sz002344,海宁皮城,1
sz002345,潮宏基,1
sz002346,柘中股份,1
sz002347,泰尔重工,1
sz002348,高乐股份,1
sz002349,精华制药,1
sz002350,北京科锐,1
sz002351,漫步者,1
sz002352,鼎泰新材,1
sz002353,杰瑞股份,1
sz002354,天神娱乐,1
sz002355,兴民钢圈,1
sz002356,浩宁达,1
sz002357,富临运业,1
sz002358,森源电气,1
sz002359,齐星铁塔,1
sz002360,同德化工,1
sz002361,神剑股份,1
sz002362,汉王科技,1
sz002363,隆基机械,1
sz002364,中恒电气,1
sz002365,永安药业,1
sz002366,丹甫股份,1
sz002367,康力电梯,1
sz002368,太极股份,1
sz002369,卓翼科技,1
sz002370,亚太药业,1
sz002371,七星电子,1
sz002372,伟星新材,1
sz002373,千方科技,1
sz002374,丽鹏股份,1
sz002375,亚厦股份,1
sz002376,新北洋,1
sz002377,国创高新,1
sz002378,章源钨业,1
sz002379,鲁丰环保,1
sz002380,科远股份,1
sz002381,双箭股份,1
sz002382,蓝帆医疗,1
sz002383,合众思壮,1
sz002384,东山精密,1
sz002385,大北农,1
sz002386,天原集团,1
sz002387,黑牛食品,1
sz002388,新亚制程,1
sz002389,南洋科技,1
sz002390,信邦制药,1
sz002391,长青股份,1
sz002392,北京利尔,1
sz002393,力生制药,1
sz002394,联发股份,1
sz002395,双象股份,1
sz002396,星网锐捷,1
sz002397,梦洁家纺,1
sz002398,建研集团,1
sz002399,海普瑞,1
sz002400,省广股份,1
sz002401,中海科技,1
sz002402,和而泰,1
sz002403,爱仕达,1
sz002404,嘉欣丝绸,1
sz002405,四维图新,1
sz002406,远东传动,1
sz002407,多氟多,1
sz002408,齐翔腾达,1
sz002409,雅克科技,1
sz002410,广联达,1
sz002411,九九久,1
sz002412,汉森制药,1
sz002413,常发股份,1
sz002414,高德红外,1
sz002415,海康威视,1
sz002416,爱施德,1
sz002418,康盛股份,1
sz002419,天虹商场,1
sz002420,毅昌股份,1
sz002421,达实智能,1
sz002422,科伦药业,1
sz002423,中原特钢,1
sz002424,贵州百灵,1
sz002425,凯撒股份,1
sz002426,胜利精密,1
sz002427,尤夫股份,1
sz002428,云南锗业,1
sz002429,兆驰股份,1
sz002430,杭氧股份,1
sz002431,棕榈园林,1
sz002432,九安医疗,1
sz002433,太安堂,1
sz002434,万里扬,1
sz002435,长江润发,1
sz002436,兴森科技,1
sz002437,誉衡药业,1
sz002438,江苏神通,1
sz002439,启明星辰,1
sz002440,闰土股份,1
sz002441,众业达,1
sz002442,龙星化工,1
sz002443,金洲管道,1
sz002444,巨星科技,1
sz002445,中南重工,1
sz002446,盛路通信,1
sz002447,壹桥海参,1
sz002448,中原内配,1
sz002449,国星光电,1
sz002450,康得新,1
sz002451,摩恩电气,1
sz002452,长高集团,1
sz002453,天马精化,1
sz002454,松芝股份,1
sz002455,百川股份,1
sz002456,欧菲光,1
sz002457,青龙管业,1
sz002458,益生股份,1
sz002459,天业通联,1
sz002460,赣锋锂业,1
sz002461,珠江啤酒,1
sz002462,嘉事堂,1
sz002463,沪电股份,1
sz002464,金利科技,1
sz002465,海格通信,1
sz002466,天齐锂业,1
sz002467,二六三,1
sz002468,艾迪西,1
sz002469,三维工程,1
sz002470,金正大,1
sz002471,中超电缆,1
sz002472,双环传动,1
sz002473,圣莱达,1
sz002474,榕基软件,1
sz002475,立讯精密,1
sz002476,宝莫股份,1
sz002477,雏鹰农牧,1
sz002478,常宝股份,1
sz002479,富春环保,1
sz002480,新筑股份,1
sz002481,双塔食品,1
sz002482,广田股份,1
sz002483,润邦股份,1
sz002484,江海股份,1
sz002485,希努尔,1
sz002486,嘉麟杰,1
sz002487,大金重工,1
sz002488,金固股份,1
sz002489,浙江永强,1
sz002490,山东墨龙,1
sz002491,通鼎互联,1
sz002492,恒基达鑫,1
sz002493,荣盛石化,1
sz002494,华斯股份,1
sz002495,佳隆股份,1
sz002496,辉丰股份,1
sz002497,雅化集团,1
sz002498,汉缆股份,1
sz002499,科林环保,1
sz002500,山西证券,1
sz002501,利源精制,1
sz002502,骅威股份,1
sz002503,搜于特,1
sz002504,东光微电,1
sz002505,大康牧业,1
sz002507,涪陵榨菜,1
sz002508,老板电器,1
sz002509,天广消防,1
sz002510,天汽模,1
sz002511,中顺洁柔,1
sz002512,达华智能,1
sz002513,蓝丰生化,1
sz002514,宝馨科技,1
sz002515,金字火腿,1
sz002516,江苏旷达,1
sz002517,泰亚股份,1
sz002518,科士达,1
sz002519,银河电子,1
sz002520,日发精机,1
sz002521,齐峰新材,1
sz002522,浙江众成,1
sz002523,天桥起重,1
sz002524,光正集团,1
sz002525,胜景山河,1
sz002526,山东矿机,1
sz002527,新时达,1
sz002528,英飞拓,1
sz002529,海源机械,1
sz002530,丰东股份,1
sz002531,天顺风能,1
sz002532,新界泵业,1
sz002533,金杯电工,1
sz002534,杭锅股份,1
sz002535,林州重机,1
sz002536,西泵股份,1
sz002537,海立美达,1
sz002538,司尔特,1
sz002539,新都化工,1
sz002540,亚太科技,1
sz002541,鸿路钢构,1
sz002542,中化岩土,1
sz002543,万和电气,1
sz002544,杰赛科技,1
sz002545,东方铁塔,1
sz002546,新联电子,1
sz002547,春兴精工,1
sz002548,金新农,1
sz002549,凯美特气,1
sz002550,千红制药,1
sz002551,尚荣医疗,1
sz002552,宝鼎重工,1
sz002553,南方轴承,1
sz002554,惠博普,1
sz002555,顺荣三七,1
sz002556,辉隆股份,1
sz002557,洽洽食品,1
sz002558,世纪游轮,1
sz002559,亚威股份,1
sz002560,通达股份,1
sz002561,徐家汇,1
sz002562,兄弟科技,1
sz002563,森马服饰,1
sz002564,天沃科技,1
sz002565,上海绿新,1
sz002566,益盛药业,1
sz002567,唐人神,1
sz002568,百润股份,1
sz002569,步森股份,1
sz002570,贝因美,1
sz002571,德力股份,1
sz002572,索菲亚,1
sz002573,国电清新,1
sz002574,明牌珠宝,1
sz002575,群兴玩具,1
sz002576,通达动力,1
sz002577,雷柏科技,1
sz002578,闽发铝业,1
sz002579,中京电子,1
sz002580,圣阳股份,1
sz002581,万昌科技,1
sz002582,好想你,1
sz002583,海能达,1
sz002584,西陇化工,1
sz002585,双星新材,1
sz002586,围海股份,1
sz002587,奥拓电子,1
sz002588,史丹利,1
sz002589,瑞康医药,1
sz002590,万安科技,1
sz002591,恒大高新,1
sz002592,八菱科技,1
sz002593,日上集团,1
sz002594,比亚迪,1
sz002595,豪迈科技,1
sz002596,海南瑞泽,1
sz002597,金禾实业,1
sz002598,山东章鼓,1
sz002599,盛通股份,1
sz002600,江粉磁材,1
sz002601,佰利联,1
sz002602,世纪华通,1
sz002603,以岭药业,1
sz002604,龙力生物,1
sz002605,姚记扑克,1
sz002606,大连电瓷,1
sz002607,亚夏汽车,1
sz002609,捷顺科技,1
sz002610,爱康科技,1
sz002611,东方精工,1
sz002612,朗姿股份,1
sz002613,北玻股份,1
sz002614,蒙发利,1
sz002615,哈尔斯,1
sz002616,长青集团,1
sz002617,露笑科技,1
sz002618,丹邦科技,1
sz002619,巨龙管业,1
sz002620,瑞和股份,1
sz002621,大连三垒,1
sz002622,永大集团,1
sz002623,亚玛顿,1
sz002624,金磊股份,1
sz002625,龙生股份,1
sz002626,金达威,1
sz002627,宜昌交运,1
sz002628,成都路桥,1
sz002629,仁智油服,1
sz002630,华西能源,1
sz002631,德尔家居,1
sz002632,道明光学,1
sz002634,棒杰股份,1
sz002635,安洁科技,1
sz002636,金安国纪,1
sz002637,赞宇科技,1
sz002638,勤上光电,1
sz002639,雪人股份,1
sz002640,百圆裤业,1
sz002641,永高股份,1
sz002642,荣之联,1
sz002643,烟台万润,1
sz002644,佛慈制药,1
sz002645,华宏科技,1
sz002646,青青稞酒,1
sz002647,宏磊股份,1
sz002648,卫星石化,1
sz002649,博彦科技,1
sz002650,加加食品,1
sz002651,利君股份,1
sz002652,扬子新材,1
sz002653,海思科,1
sz002654,万润科技,1
sz002655,共达电声,1
sz002656,卡奴迪路,1
sz002657,中科金财,1
sz002658,雪迪龙,1
sz002659,中泰桥梁,1
sz002660,茂硕电源,1
sz002661,克明面业,1
sz002662,京威股份,1
sz002663,普邦园林,1
sz002664,信质电机,1
sz002665,首航节能,1
sz002666,德联集团,1
sz002667,鞍重股份,1
sz002668,奥马电器,1
sz002669,康达新材,1
sz002670,华声股份,1
sz002671,龙泉股份,1
sz002672,东江环保,1
sz002673,西部证券,1
sz002674,兴业科技,1
sz002675,东诚药业,1
sz002676,顺威股份,1
sz002677,浙江美大,1
sz002678,珠江钢琴,1
sz002679,福建金森,1
sz002680,黄海机械,1
sz002681,奋达科技,1
sz002682,龙洲股份,1
sz002683,宏大爆破,1
sz002684,猛狮科技,1
sz002685,华东重机,1
sz002686,亿利达,1
sz002687,乔治白,1
sz002688,金河生物,1
sz002689,博林特,1
sz002690,美亚光电,1
sz002691,石中装备,1
sz002692,远程电缆,1
sz002693,双成药业,1
sz002694,顾地科技,1
sz002695,煌上煌,1
sz002696,百洋股份,1
sz002697,红旗连锁,1
sz002698,博实股份,1
sz002699,美盛文化,1
sz002700,新疆浩源,1
sz002701,奥瑞金,1
sz002702,海欣食品,1
sz002703,浙江世宝,1
sz002705,新宝股份,1
sz002706,良信电器,1
sz002707,众信旅游,1
sz002708,光洋股份,1
sz002709,天赐材料,1
sz002710,慈铭体检,1
sz002711,欧浦钢网,1
sz002712,思美传媒,1
sz002713,东易日盛,1
sz002714,牧原股份,1
sz002715,登云股份,1
sz002716,金贵银业,1
sz002717,岭南园林,1
sz002718,友邦吊顶,1
sz002719,麦趣尔,1
sz002720,宏良股份,1
sz002721,金一文化,1
sz002722,金轮股份,1
sz002723,金莱特,1
sz002724,海洋王,1
sz002725,跃岭股份,1
sz002726,龙大肉食,1
sz002727,一心堂,1
sz002728,台城制药,1
sz002729,好利来,1
sz002730,电光科技,1
sz002731,萃华珠宝,1
sz002732,燕塘乳业,1
sz002733,雄韬股份,1
sz002734,利民股份,1
sz002735,王子新材,1
sz002736,国信证券,1
sz002737,葵花药业,1
sz002738,中矿资源,1
sz002739,万达院线,1
sz002740,爱迪尔,1
sz002741,光华科技,1
sz002742,三圣特材,1
sz002743,富煌钢构,1
sz002745,木林森,1
sz002746,仙坛股份,1
sz002747,埃斯顿,1
sz002748,世龙实业,1
sz002749,国光股份,1
sz002750,龙津药业,1
sz002751,易尚展示,1
sz002752,昇兴股份,1
sz002753,永东股份,1
sz002755,东方新星,1
sz002756,永兴特钢,1
sz300001,特锐德,1
sz300002,神州泰岳,1
sz300003,乐普医疗,1
sz300004,南风股份,1
sz300005,探路者,1
sz300006,莱美药业,1
sz300007,汉威电子,1
sz300008,上海佳豪,1
sz300009,安科生物,1
sz300010,立思辰,1
sz300011,鼎汉技术,1
sz300012,华测检测,1
sz300013,新宁物流,1
sz300014,亿纬锂能,1
sz300015,爱尔眼科,1
sz300016,北陆药业,1
sz300017,网宿科技,1
sz300018,中元华电,1
sz300019,硅宝科技,1
sz300020,银江股份,1
sz300021,大禹节水,1
sz300022,吉峰农机,1
sz300023,宝德股份,1
sz300024,机器人,1
sz300025,华星创业,1
sz300026,红日药业,1
sz300027,华谊兄弟,1
sz300028,金亚科技,1
sz300029,天龙光电,1
sz300030,阳普医疗,1
sz300031,宝通带业,1
sz300032,金龙机电,1
sz300033,同花顺,1
sz300034,钢研高纳,1
sz300035,中科电气,1
sz300036,超图软件,1
sz300037,新宙邦,1
sz300038,梅泰诺,1
sz300039,上海凯宝,1
sz300040,九洲电气,1
sz300041,回天新材,1
sz300042,朗科科技,1
sz300043,互动娱乐,1
sz300044,赛为智能,1
sz300045,华力创通,1
sz300046,台基股份,1
sz300047,天源迪科,1
sz300048,合康变频,1
sz300049,福瑞股份,1
sz300050,世纪鼎利,1
sz300051,三五互联,1
sz300052,中青宝,1
sz300053,欧比特,1
sz300054,鼎龙股份,1
sz300055,万邦达,1
sz300056,三维丝,1
sz300057,万顺股份,1
sz300058,蓝色光标,1
sz300059,东方财富,1
sz300061,康耐特,1
sz300062,中能电气,1
sz300063,天龙集团,1
sz300064,豫金刚石,1
sz300065,海兰信,1
sz300066,三川股份,1
sz300067,安诺其,1
sz300068,南都电源,1
sz300069,金利华电,1
sz300070,碧水源,1
sz300071,华谊嘉信,1
sz300072,三聚环保,1
sz300073,当升科技,1
sz300074,华平股份,1
sz300075,数字政通,1
sz300076,GQY视讯,1
sz300077,国民技术,1
sz300078,中瑞思创,1
sz300079,数码视讯,1
sz300080,新大新材,1
sz300081,恒信移动,1
sz300082,奥克股份,1
sz300083,劲胜精密,1
sz300084,海默科技,1
sz300085,银之杰,1
sz300086,康芝药业,1
sz300087,荃银高科,1
sz300088,长信科技,1
sz300089,长城集团,1
sz300090,盛运环保,1
sz300091,金通灵,1
sz300092,科新机电,1
sz300093,金刚玻璃,1
sz300094,国联水产,1
sz300095,华伍股份,1
sz300096,易联众,1
sz300097,智云股份,1
sz300098,高新兴,1
sz300099,尤洛卡,1
sz300100,双林股份,1
sz300101,振芯科技,1
sz300102,乾照光电,1
sz300103,达刚路机,1
sz300104,乐视网,1
sz300105,龙源技术,1
sz300106,西部牧业,1
sz300107,建新股份,1
sz300108,双龙股份,1
sz300109,新开源,1
sz300110,华仁药业,1
sz300111,向日葵,1
sz300112,万讯自控,1
sz300113,顺网科技,1
sz300114,中航电测,1
sz300115,长盈精密,1
sz300116,坚瑞消防,1
sz300117,嘉寓股份,1
sz300118,东方日升,1
sz300119,瑞普生物,1
sz300120,经纬电材,1
sz300121,阳谷华泰,1
sz300122,智飞生物,1
sz300123,太阳鸟,1
sz300124,汇川技术,1
sz300125,易世达,1
sz300126,锐奇股份,1
sz300127,银河磁体,1
sz300128,锦富新材,1
sz300129,泰胜风能,1
sz300130,新国都,1
sz300131,英唐智控,1
sz300132,青松股份,1
sz300133,华策影视,1
sz300134,大富科技,1
sz300135,宝利沥青,1
sz300136,信维通信,1
sz300137,先河环保,1
sz300138,晨光生物,1
sz300139,福星晓程,1
sz300140,启源装备,1
sz300141,和顺电气,1
sz300142,沃森生物,1
sz300143,星河生物,1
sz300144,宋城演艺,1
sz300145,南方泵业,1
sz300146,汤臣倍健,1
sz300147,香雪制药,1
sz300148,天舟文化,1
sz300149,量子高科,1
sz300150,世纪瑞尔,1
sz300151,昌红科技,1
sz300152,燃控科技,1
sz300153,科泰电源,1
sz300154,瑞凌股份,1
sz300155,安居宝,1
sz300156,神雾环保,1
sz300157,恒泰艾普,1
sz300158,振东制药,1
sz300159,新研股份,1
sz300160,秀强股份,1
sz300161,华中数控,1
sz300162,雷曼光电,1
sz300163,先锋新材,1
sz300164,通源石油,1
sz300165,天瑞仪器,1
sz300166,东方国信,1
sz300167,迪威视讯,1
sz300168,万达信息,1
sz300169,天晟新材,1
sz300170,汉得信息,1
sz300171,东富龙,1
sz300172,中电环保,1
sz300173,智慧松德,1
sz300174,元力股份,1
sz300175,朗源股份,1
sz300176,鸿特精密,1
sz300177,中海达,1
sz300178,腾邦国际,1
sz300179,四方达,1
sz300180,华峰超纤,1
sz300181,佐力药业,1
sz300182,捷成股份,1
sz300183,东软载波,1
sz300184,力源信息,1
sz300185,通裕重工,1
sz300186,大华农,1
sz300187,永清环保,1
sz300188,美亚柏科,1
sz300189,神农大丰,1
sz300190,维尔利,1
sz300191,潜能恒信,1
sz300192,科斯伍德,1
sz300193,佳士科技,1
sz300194,福安药业,1
sz300195,长荣股份,1
sz300196,长海股份,1
sz300197,铁汉生态,1
sz300198,纳川股份,1
sz300199,翰宇药业,1
sz300200,高盟新材,1
sz300201,海伦哲,1
sz300202,聚龙股份,1
sz300203,聚光科技,1
sz300204,舒泰神,1
sz300205,天喻信息,1
sz300206,理邦仪器,1
sz300207,欣旺达,1
sz300208,恒顺众昇,1
sz300209,天泽信息,1
sz300210,森远股份,1
sz300211,亿通科技,1
sz300212,易华录,1
sz300213,佳讯飞鸿,1
sz300214,日科化学,1
sz300215,电科院,1
sz300216,千山药机,1
sz300217,东方电热,1
sz300218,安利股份,1
sz300219,鸿利光电,1
sz300220,金运激光,1
sz300221,银禧科技,1
sz300222,科大智能,1
sz300223,北京君正,1
sz300224,正海磁材,1
sz300225,金力泰,1
sz300226,上海钢联,1
sz300227,光韵达,1
sz300228,富瑞特装,1
sz300229,拓尔思,1
sz300230,永利带业,1
sz300231,银信科技,1
sz300232,洲明科技,1
sz300233,金城医药,1
sz300234,开尔新材,1
sz300235,方直科技,1
sz300236,上海新阳,1
sz300237,美晨科技,1
sz300238,冠昊生物,1
sz300239,东宝生物,1
sz300240,飞力达,1
sz300241,瑞丰光电,1
sz300242,明家科技,1
sz300243,瑞丰高材,1
sz300244,迪安诊断,1
sz300245,天玑科技,1
sz300246,宝莱特,1
sz300247,桑乐金,1
sz300248,新开普,1
sz300249,依米康,1
sz300250,初灵信息,1
sz300251,光线传媒,1
sz300252,金信诺,1
sz300253,卫宁软件,1
sz300254,仟源医药,1
sz300255,常山药业,1
sz300256,星星科技,1
sz300257,开山股份,1
sz300258,精锻科技,1
sz300259,新天科技,1
sz300260,新莱应材,1
sz300261,雅本化学,1
sz300262,巴安水务,1
sz300263,隆华节能,1
sz300264,佳创视讯,1
sz300265,通光线缆,1
sz300266,兴源环境,1
sz300267,尔康制药,1
sz300268,万福生科,1
sz300269,联建光电,1
sz300270,中威电子,1
sz300271,华宇软件,1
sz300272,开能环保,1
sz300273,和佳股份,1
sz300274,阳光电源,1
sz300275,梅安森,1
sz300276,三丰智能,1
sz300277,海联讯,1
sz300278,华昌达,1
sz300279,和晶科技,1
sz300280,南通锻压,1
sz300281,金明精机,1
sz300282,汇冠股份,1
sz300283,温州宏丰,1
sz300284,苏交科,1
sz300285,国瓷材料,1
sz300286,安科瑞,1
sz300287,飞利信,1
sz300288,朗玛信息,1
sz300289,利德曼,1
sz300290,荣科科技,1
sz300291,华录百纳,1
sz300292,吴通通讯,1
sz300293,蓝英装备,1
sz300294,博雅生物,1
sz300295,三六五网,1
sz300296,利亚德,1
sz300297,蓝盾股份,1
sz300298,三诺生物,1
sz300299,富春通信,1
sz300300,汉鼎股份,1
sz300301,长方照明,1
sz300302,同有科技,1
sz300303,聚飞光电,1
sz300304,云意电气,1
sz300305,裕兴股份,1
sz300306,远方光电,1
sz300307,慈星股份,1
sz300308,中际装备,1
sz300309,吉艾科技,1
sz300310,宜通世纪,1
sz300311,任子行,1
sz300312,邦讯技术,1
sz300313,天山生物,1
sz300314,戴维医疗,1
sz300315,掌趣科技,1
sz300316,晶盛机电,1
sz300317,珈伟股份,1
sz300318,博晖创新,1
sz300319,麦捷科技,1
sz300320,海达股份,1
sz300321,同大股份,1
sz300322,硕贝德,1
sz300323,华灿光电,1
sz300324,旋极信息,1
sz300325,德威新材,1
sz300326,凯利泰,1
sz300327,中颖电子,1
sz300328,宜安科技,1
sz300329,海伦钢琴,1
sz300330,华虹计通,1
sz300331,苏大维格,1
sz300332,天壕节能,1
sz300333,兆日科技,1
sz300334,津膜科技,1
sz300335,迪森股份,1
sz300336,新文化,1
sz300337,银邦股份,1
sz300338,开元仪器,1
sz300339,润和软件,1
sz300340,科恒股份,1
sz300341,麦迪电气,1
sz300342,天银机电,1
sz300343,联创节能,1
sz300344,太空板业,1
sz300345,红宇新材,1
sz300346,南大光电,1
sz300347,泰格医药,1
sz300348,长亮科技,1
sz300349,金卡股份,1
sz300350,华鹏飞,1
sz300351,永贵电器,1
sz300352,北信源,1
sz300353,东土科技,1
sz300354,东华测试,1
sz300355,蒙草抗旱,1
sz300356,光一科技,1
sz300357,我武生物,1
sz300358,楚天科技,1
sz300359,全通教育,1
sz300360,炬华科技,1
sz300361,奥赛康,1
sz300362,天保重装,1
sz300363,博腾股份,1
sz300364,中文在线,1
sz300365,恒华科技,1
sz300366,创意信息,1
sz300367,东方网力,1
sz300368,汇金股份,1
sz300369,绿盟科技,1
sz300370,安控科技,1
sz300371,汇中股份,1
sz300372,欣泰电气,1
sz300373,扬杰科技,1
sz300374,恒通科技,1
sz300375,鹏翎股份,1
sz300376,易事特,1
sz300377,赢时胜,1
sz300378,鼎捷软件,1
sz300379,东方通,1
sz300380,安硕信息,1
sz300381,溢多利,1
sz300382,斯莱克,1
sz300383,光环新网,1
sz300384,三联虹普,1
sz300385,雪浪环境,1
sz300386,飞天诚信,1
sz300387,富邦股份,1
sz300388,国祯环保,1
sz300389,艾比森,1
sz300390,天华超净,1
sz300391,康跃科技,1
sz300392,腾信股份,1
sz300393,中来股份,1
sz300394,天孚通信,1
sz300395,菲利华,1
sz300396,迪瑞医疗,1
sz300397,天和防务,1
sz300398,飞凯材料,1
sz300399,京天利,1
sz300400,劲拓股份,1
sz300401,花园生物,1
sz300402,宝色股份,1
sz300403,地尔汉宇,1
sz300404,博济医药,1
sz300405,科隆精化,1
sz300406,九强生物,1
sz300407,凯发电气,1
sz300408,三环集团,1
sz300409,道氏技术,1
sz300410,正业科技,1
sz300411,金盾股份,1
sz300412,迦南科技,1
sz300413,快乐购,1